Assessment Name,URL,Duration,Test Type,Remote Testing Support,Adaptive/IRT Support
Account Manager Solution,https://www.shl.com/solutions/products/product-catalog/view/account-manager-solution/,49,"Competencies, Personality & Behavior, Ability & Aptitude, Biodata & Situational Judgement",Yes,No
Administrative Professional - Short Form,https://www.shl.com/solutions/products/product-catalog/view/administrative-professional-short-form/,36,"Ability & Aptitude, Knowledge & Skills, Personality & Behavior",Yes,No
Agency Manager Solution,https://www.shl.com/solutions/products/product-catalog/view/agency-manager-solution/,51,"Ability & Aptitude, Biodata & Situational Judgement, Personality & Behavior, Simulations",Yes,No
Apprentice + 8.0 Job Focused Assessment,https://www.shl.com/solutions/products/product-catalog/view/apprentice-8-0-job-focused-assessment-4261/,30,"Biodata & Situational Judgement, Personality & Behavior",Yes,No
Apprentice 8.0 Job Focused Assessment,https://www.shl.com/solutions/products/product-catalog/view/apprentice-8-0-job-focused-assessment/,20,"Biodata & Situational Judgement, Personality & Behavior",Yes,No
Bank Administrative Assistant - Short Form,https://www.shl.com/solutions/products/product-catalog/view/bank-administrative-assistant-short-form/,35,"Ability & Aptitude, Biodata & Situational Judgement, Knowledge & Skills, Personality & Behavior",Yes,No
Bank Collections Agent - Short Form,https://www.shl.com/solutions/products/product-catalog/view/bank-collections-agent-short-form/,45,"Ability & Aptitude, Biodata & Situational Judgement, Personality & Behavior",Yes,No
Bank Operations Supervisor - Short Form,https://www.shl.com/solutions/products/product-catalog/view/bank-operations-supervisor-short-form/,45,"Ability & Aptitude, Biodata & Situational Judgement, Personality & Behavior, Simulations",Yes,No
Bilingual Spanish Reservation Agent Solution,https://www.shl.com/solutions/products/product-catalog/view/bilingual-spanish-reservation-agent-solution/,43,"Biodata & Situational Judgement, Personality & Behavior, Simulations, Ability & Aptitude",Yes,No
"Bookkeeping, Accounting, Auditing Clerk Short Form",https://www.shl.com/solutions/products/product-catalog/view/bookkeeping-accounting-auditing-clerk-short-form/,49,"Personality & Behavior, Simulations, Knowledge & Skills, Biodata & Situational Judgement, Ability & Aptitude",Yes,No
Branch Manager - Short Form,https://www.shl.com/solutions/products/product-catalog/view/branch-manager-short-form/,50,"Ability & Aptitude, Biodata & Situational Judgement, Personality & Behavior",Yes,No
Cashier Solution,https://www.shl.com/solutions/products/product-catalog/view/cashier-solution/,28,"Biodata & Situational Judgement, Ability & Aptitude, Personality & Behavior",Yes,No
Global Skills Development Report,https://www.shl.com/solutions/products/product-catalog/view/global-skills-development-report/,N/A,"Ability & Aptitude, Assessment Exercises, Biodata & Situational Judgement, Competencies, Development & 360, Personality & Behavior",Yes,No
.NET Framework 4.5,https://www.shl.com/solutions/products/product-catalog/view/net-framework-4-5/,30,Knowledge & Skills,Yes,No
.NET MVC (New),https://www.shl.com/solutions/products/product-catalog/view/net-mvc-new/,17,Knowledge & Skills,Yes,No
.NET MVVM (New),https://www.shl.com/solutions/products/product-catalog/view/net-mvvm-new/,5,Knowledge & Skills,Yes,No
.NET WCF (New),https://www.shl.com/solutions/products/product-catalog/view/net-wcf-new/,11,Knowledge & Skills,Yes,No
.NET WPF (New),https://www.shl.com/solutions/products/product-catalog/view/net-wpf-new/,9,Knowledge & Skills,Yes,No
.NET XAML (New),https://www.shl.com/solutions/products/product-catalog/view/net-xaml-new/,5,Knowledge & Skills,Yes,No
Accounts Payable (New),https://www.shl.com/solutions/products/product-catalog/view/accounts-payable-new/,9,Knowledge & Skills,Yes,No
Accounts Payable Simulation (New),https://www.shl.com/solutions/products/product-catalog/view/accounts-payable-simulation-new/,8,Simulations,Yes,No
Accounts Receivable (New),https://www.shl.com/solutions/products/product-catalog/view/accounts-receivable-new/,13,Knowledge & Skills,Yes,No
Accounts Receivable Simulation (New),https://www.shl.com/solutions/products/product-catalog/view/accounts-receivable-simulation-new/,8,Simulations,Yes,No
ADO.NET (New),https://www.shl.com/solutions/products/product-catalog/view/ado-net-new/,10,Knowledge & Skills,Yes,No
Adobe Experience Manager (New),https://www.shl.com/solutions/products/product-catalog/view/adobe-experience-manager-new/,17,Knowledge & Skills,Yes,No
Adobe Photoshop CC,https://www.shl.com/solutions/products/product-catalog/view/adobe-photoshop-cc/,20,Knowledge & Skills,Yes,No
Aeronautical Engineering (New),https://www.shl.com/solutions/products/product-catalog/view/aeronautical-engineering-new/,10,Knowledge & Skills,Yes,No
Aerospace Engineering (New),https://www.shl.com/solutions/products/product-catalog/view/aerospace-engineering-new/,10,Knowledge & Skills,Yes,No
Agile Software Development,https://www.shl.com/solutions/products/product-catalog/view/agile-software-development/,7,Knowledge & Skills,Yes,No
Agile Testing (New),https://www.shl.com/solutions/products/product-catalog/view/agile-testing-new/,13,Knowledge & Skills,Yes,No
AI Skills,https://www.shl.com/solutions/products/product-catalog/view/ai-skills/,16,Personality & Behavior,Yes,No
Amazon Web Services (AWS) Development (New),https://www.shl.com/solutions/products/product-catalog/view/amazon-web-services-aws-development-new/,6,Knowledge & Skills,Yes,No
Android Development (New),https://www.shl.com/solutions/products/product-catalog/view/android-development-new/,7,Knowledge & Skills,Yes,No
Angular 6 (New),https://www.shl.com/solutions/products/product-catalog/view/angular-6-new/,11,Knowledge & Skills,Yes,No
AngularJS (New),https://www.shl.com/solutions/products/product-catalog/view/angularjs-new/,9,Knowledge & Skills,Yes,No
Apache Hadoop (New),https://www.shl.com/solutions/products/product-catalog/view/apache-hadoop-new/,7,Knowledge & Skills,Yes,No
Apache Hadoop Extensions (New),https://www.shl.com/solutions/products/product-catalog/view/apache-hadoop-extensions-new/,9,Knowledge & Skills,Yes,No
Apache HBase (New),https://www.shl.com/solutions/products/product-catalog/view/apache-hbase-new/,5,Knowledge & Skills,Yes,No
Apache Hive (New),https://www.shl.com/solutions/products/product-catalog/view/apache-hive-new/,5,Knowledge & Skills,Yes,No
Apache Kafka (New),https://www.shl.com/solutions/products/product-catalog/view/apache-kafka-new/,6,Knowledge & Skills,Yes,No
Apache Pig (New),https://www.shl.com/solutions/products/product-catalog/view/apache-pig-new/,6,Knowledge & Skills,Yes,No
Apache Spark (New),https://www.shl.com/solutions/products/product-catalog/view/apache-spark-new/,8,Knowledge & Skills,Yes,No
ASP .NET with C# (New),https://www.shl.com/solutions/products/product-catalog/view/asp-net-with-c-new/,13,Knowledge & Skills,Yes,No
ASP.NET 4.5,https://www.shl.com/solutions/products/product-catalog/view/asp-net-4-5/,30,Knowledge & Skills,Yes,No
Assessment and Development Center Exercises,https://www.shl.com/solutions/products/product-catalog/view/assessment-and-development-center-exercises/,N/A,Assessment Exercises,Yes,Yes
Automata - Fix (New),https://www.shl.com/solutions/products/product-catalog/view/automata-fix-new/,20,Simulations,Yes,No
Automata - SQL (New),https://www.shl.com/solutions/products/product-catalog/view/automata-sql-new/,30,Simulations,Yes,No
Automata (New),https://www.shl.com/solutions/products/product-catalog/view/automata-new/,45,Simulations,Yes,No
Automata Data Science (New),https://www.shl.com/solutions/products/product-catalog/view/automata-data-science-new/,60,Simulations,Yes,No
Automata Data Science Pro (New),https://www.shl.com/solutions/products/product-catalog/view/automata-data-science-pro-new/,60,Simulations,Yes,No
Automata Front End,https://www.shl.com/solutions/products/product-catalog/view/automata-front-end/,30,Simulations,Yes,No
Automata Pro (New),https://www.shl.com/solutions/products/product-catalog/view/automata-pro-new/,60,Simulations,Yes,No
Automata Selenium,https://www.shl.com/solutions/products/product-catalog/view/automata-selenium/,60,Simulations,Yes,No
Automation Anywhere RPA Development (New),https://www.shl.com/solutions/products/product-catalog/view/automation-anywhere-rpa-development-new/,8,Knowledge & Skills,Yes,No
Automotive Engineering (New),https://www.shl.com/solutions/products/product-catalog/view/automotive-engineering-new/,13,Knowledge & Skills,Yes,No
Basic Biology (New),https://www.shl.com/solutions/products/product-catalog/view/basic-biology-new/,6,Knowledge & Skills,Yes,No
Basic Computer Literacy (Windows 10) (New),https://www.shl.com/solutions/products/product-catalog/view/basic-computer-literacy-windows-10-new/,30,"Simulations, Knowledge & Skills",Yes,No
Basic Statistics (New),https://www.shl.com/solutions/products/product-catalog/view/basic-statistics-new/,10,Knowledge & Skills,Yes,No
Biochemistry (New),https://www.shl.com/solutions/products/product-catalog/view/biochemistry-new/,8,Knowledge & Skills,Yes,No
Biotech Lab Techniques (New),https://www.shl.com/solutions/products/product-catalog/view/biotech-lab-techniques-new/,5,Knowledge & Skills,Yes,No
BizTalk (New),https://www.shl.com/solutions/products/product-catalog/view/biztalk-new/,16,Knowledge & Skills,Yes,No
Business Communication (adaptive),https://www.shl.com/solutions/products/product-catalog/view/business-communication-adaptive/,24,Knowledge & Skills,Yes,Yes
Business Communications,https://www.shl.com/solutions/products/product-catalog/view/business-communications/,35,Knowledge & Skills,Yes,Yes
C Programming (New),https://www.shl.com/solutions/products/product-catalog/view/c-programming-new/,10,Knowledge & Skills,Yes,No
C# Programming (New),https://www.shl.com/solutions/products/product-catalog/view/c-programming-new-4039/,9,Knowledge & Skills,Yes,No
C++ Programming (New),https://www.shl.com/solutions/products/product-catalog/view/c-programming-new-4122/,10,Knowledge & Skills,Yes,No
Cardiology and Diabetes Management (New),https://www.shl.com/solutions/products/product-catalog/view/cardiology-and-diabetes-management-new/,4,Knowledge & Skills,Yes,No
Ceramic Engineering (New),https://www.shl.com/solutions/products/product-catalog/view/ceramic-engineering-new/,12,Knowledge & Skills,Yes,No
Chemical Engineering (New),https://www.shl.com/solutions/products/product-catalog/view/chemical-engineering-new/,13,Knowledge & Skills,Yes,No
Cisco AppDynamics (New),https://www.shl.com/solutions/products/product-catalog/view/cisco-appdynamics-new/,9,Knowledge & Skills,Yes,No
Civil Engineering (New),https://www.shl.com/solutions/products/product-catalog/view/civil-engineering-new/,10,Knowledge & Skills,Yes,No
Cloud Computing (New),https://www.shl.com/solutions/products/product-catalog/view/cloud-computing-new/,8,Knowledge & Skills,Yes,Yes
COBOL Programming (New),https://www.shl.com/solutions/products/product-catalog/view/cobol-programming-new/,10,Knowledge & Skills,Yes,No
Computer Science (New),https://www.shl.com/solutions/products/product-catalog/view/computer-science-new/,12,Knowledge & Skills,Yes,No
Contact Center Call Simulation (New),https://www.shl.com/solutions/products/product-catalog/view/contact-center-call-simulation-new/,15,Simulations,Yes,No
Conversational Multichat Simulation,https://www.shl.com/solutions/products/product-catalog/view/conversational-multichat-simulation/,11,Simulations,Yes,No
Core Java (Advanced Level) (New),https://www.shl.com/solutions/products/product-catalog/view/core-java-advanced-level-new/,13,Knowledge & Skills,Yes,No
Core Java (Entry Level) (New),https://www.shl.com/solutions/products/product-catalog/view/core-java-entry-level-new/,13,Knowledge & Skills,Yes,No
Count Out The Money,https://www.shl.com/solutions/products/product-catalog/view/count-out-the-money/,5,"Knowledge & Skills, Simulations",Yes,No
CSS3 (New),https://www.shl.com/solutions/products/product-catalog/view/css3-new/,8,Knowledge & Skills,Yes,No
Culinary Skills (New),https://www.shl.com/solutions/products/product-catalog/view/culinary-skills-new/,7,Knowledge & Skills,Yes,No
Customer Service Phone Simulation,https://www.shl.com/solutions/products/product-catalog/view/customer-service-phone-simulation/,20,"Biodata & Situational Judgement, Simulations",Yes,No
Customer Service Phone Solution,https://www.shl.com/solutions/products/product-catalog/view/customer-service-phone-solution/,30,"Biodata & Situational Judgement, Personality & Behavior, Simulations",Yes,No
Cyber Risk (New),https://www.shl.com/solutions/products/product-catalog/view/cyber-risk-new/,9,Knowledge & Skills,Yes,No
Enterprise Java Beans (New),https://www.shl.com/solutions/products/product-catalog/view/enterprise-java-beans-new/,4,Knowledge & Skills,Yes,No
Enterprise Leadership Report 1.0,https://www.shl.com/solutions/products/product-catalog/view/enterprise-leadership-report/,N/A,Personality & Behavior,Yes,No
Enterprise Leadership Report 2.0,https://www.shl.com/solutions/products/product-catalog/view/enterprise-leadership-report-2-0/,N/A,Personality & Behavior,Yes,No
Entry Level Cashier Solution,https://www.shl.com/solutions/products/product-catalog/view/entry-level-cashier-solution/,19,"Competencies, Personality & Behavior",Yes,No
Entry Level Customer Serv-Retail & Contact Center,https://www.shl.com/solutions/products/product-catalog/view/entry-level-customer-serv-retail-and-contact-center/,19,"Personality & Behavior, Competencies",Yes,No
Entry Level Customer Service (General) Solution,https://www.shl.com/solutions/products/product-catalog/view/entry-level-customer-service-general-solution/,14,"Competencies, Personality & Behavior",Yes,No
Entry Level Hotel Front Desk Solution,https://www.shl.com/solutions/products/product-catalog/view/entry-level-hotel-front-desk-solution/,20,"Competencies, Personality & Behavior",Yes,No
Entry Level Sales Solution,https://www.shl.com/solutions/products/product-catalog/view/entry-level-sales-solution/,20,"Competencies, Personality & Behavior",Yes,No
Entry Level Technical Support Solution,https://www.shl.com/solutions/products/product-catalog/view/entry-level-technical-support-solution/,18,"Personality & Behavior, Competencies",Yes,No
ETL Testing (New),https://www.shl.com/solutions/products/product-catalog/view/etl-testing-new/,9,Knowledge & Skills,Yes,No
Executive Scenarios,https://www.shl.com/solutions/products/product-catalog/view/executive-scenarios/,N/A,Biodata & Situational Judgement,Yes,No
Executive Scenarios Narrative Report,https://www.shl.com/solutions/products/product-catalog/view/executive-scenarios-narrative-report/,N/A,Biodata & Situational Judgement,Yes,No
Executive Scenarios Profile Report,https://www.shl.com/solutions/products/product-catalog/view/executive-scenarios-profile-report/,N/A,Biodata & Situational Judgement,Yes,No
ExpressJS (New),https://www.shl.com/solutions/products/product-catalog/view/expressjs-new/,7,Knowledge & Skills,Yes,No
Filing - Names (R1),https://www.shl.com/solutions/products/product-catalog/view/filing-names-r1/,3,Knowledge & Skills,Yes,No
Filing - Numbers,https://www.shl.com/solutions/products/product-catalog/view/filing-numbers/,3,Knowledge & Skills,Yes,No
Financial Accounting (New),https://www.shl.com/solutions/products/product-catalog/view/financial-accounting-new/,9,Knowledge & Skills,Yes,No
Financial and Banking Services (New),https://www.shl.com/solutions/products/product-catalog/view/financial-and-banking-services-new/,9,Knowledge & Skills,Yes,No
Fire Engineering (New),https://www.shl.com/solutions/products/product-catalog/view/fire-engineering-new/,10,Knowledge & Skills,Yes,No
Following Instructions v1 - UK (R1),https://www.shl.com/solutions/products/product-catalog/view/following-instructions-v1-uk-r1/,8,Knowledge & Skills,Yes,No
Following Instructions v1 - US (R2),https://www.shl.com/solutions/products/product-catalog/view/following-instructions-v1-us-r2/,8,Knowledge & Skills,Yes,No
Food and Beverage Services (New),https://www.shl.com/solutions/products/product-catalog/view/food-and-beverage-services-new/,7,Knowledge & Skills,Yes,No
Food Science (New),https://www.shl.com/solutions/products/product-catalog/view/food-science-new/,6,Knowledge & Skills,Yes,No
Front Office Management (New),https://www.shl.com/solutions/products/product-catalog/view/front-office-management-new/,7,Knowledge & Skills,Yes,No
Fundamentals of Chemistry (New),https://www.shl.com/solutions/products/product-catalog/view/fundamentals-of-chemistry-new/,8,Knowledge & Skills,Yes,No
Fundamentals of Physics (New),https://www.shl.com/solutions/products/product-catalog/view/fundamentals-of-physics-new/,8,Knowledge & Skills,Yes,No
General Diseases (New),https://www.shl.com/solutions/products/product-catalog/view/general-diseases-new/,5,Knowledge & Skills,Yes,No
Geoinformatics Engineering (New),https://www.shl.com/solutions/products/product-catalog/view/geoinformatics-engineering-new/,10,Knowledge & Skills,Yes,No
Geoscience Engineering (New),https://www.shl.com/solutions/products/product-catalog/view/geoscience-engineering-new/,8,Knowledge & Skills,Yes,No
GIT (New),https://www.shl.com/solutions/products/product-catalog/view/git-new/,13,Knowledge & Skills,Yes,No
Global Skills Assessment,https://www.shl.com/solutions/products/product-catalog/view/global-skills-assessment/,16,"Competencies, Knowledge & Skills",Yes,No
Graduate Scenarios,https://www.shl.com/solutions/products/product-catalog/view/graduate-scenarios/,N/A,Biodata & Situational Judgement,Yes,No
Graduate Scenarios Narrative Report,https://www.shl.com/solutions/products/product-catalog/view/graduate-scenarios-narrative-report/,N/A,Biodata & Situational Judgement,Yes,No
Graduate Scenarios Profile Report,https://www.shl.com/solutions/products/product-catalog/view/graduate-scenarios-profile-report/,N/A,Biodata & Situational Judgement,Yes,No
Hibernate (New),https://www.shl.com/solutions/products/product-catalog/view/hibernate-new/,5,Knowledge & Skills,Yes,No
HIPAA (Security),https://www.shl.com/solutions/products/product-catalog/view/hipaa-security/,15,Knowledge & Skills,Yes,No
HiPo Assessment Report 1.0,https://www.shl.com/solutions/products/product-catalog/view/hipo-assessment-report-1-0/,N/A,"Competencies, Personality & Behavior",Yes,No
HiPo Assessment Report 2.0,https://www.shl.com/solutions/products/product-catalog/view/hipo-assessment-report-2-0/,N/A,"Competencies, Personality & Behavior",Yes,No
HiPo Unlocking Potential Report 2.0,https://www.shl.com/solutions/products/product-catalog/view/hipo-unlocking-potential-report-2-0/,N/A,Competencies,Yes,No
Housekeeping (New),https://www.shl.com/solutions/products/product-catalog/view/housekeeping-new/,7,Knowledge & Skills,Yes,No
HTML/CSS (New),https://www.shl.com/solutions/products/product-catalog/view/htmlcss-new/,12,Knowledge & Skills,Yes,No
HTML5 (New),https://www.shl.com/solutions/products/product-catalog/view/html5-new/,11,Knowledge & Skills,Yes,No
Human Resources (New),https://www.shl.com/solutions/products/product-catalog/view/human-resources-new/,8,Knowledge & Skills,Yes,No
IBM DataStage (New),https://www.shl.com/solutions/products/product-catalog/view/ibm-datastage-new/,15,Knowledge & Skills,Yes,No
IBM Sterling Order Management System (New),https://www.shl.com/solutions/products/product-catalog/view/ibm-sterling-order-management-system-new/,13,Knowledge & Skills,Yes,No
Industrial Engineering (New),https://www.shl.com/solutions/products/product-catalog/view/industrial-engineering-new/,9,Knowledge & Skills,Yes,No
Informatica (Architecture) (New),https://www.shl.com/solutions/products/product-catalog/view/informatica-architecture-new/,10,Knowledge & Skills,Yes,No
Informatica (Developer) (New),https://www.shl.com/solutions/products/product-catalog/view/informatica-developer-new/,11,Knowledge & Skills,Yes,No
Microsoft Windows Server 2012 Administration,https://www.shl.com/solutions/products/product-catalog/view/microsoft-windows-server-2012-administration/,35,Knowledge & Skills,Yes,No
Microsoft Word 365 - Essentials (New),https://www.shl.com/solutions/products/product-catalog/view/microsoft-word-365-essentials-new/,25,"Knowledge & Skills, Simulations",Yes,No
Microsoft Word 365 (New),https://www.shl.com/solutions/products/product-catalog/view/microsoft-word-365-new/,35,"Simulations, Knowledge & Skills",Yes,No
Mineral Engineering (New),https://www.shl.com/solutions/products/product-catalog/view/mineral-engineering-new/,12,Knowledge & Skills,Yes,No
Mining Engineering (New),https://www.shl.com/solutions/products/product-catalog/view/mining-engineering-new/,16,Knowledge & Skills,Yes,No
Mobility (New),https://www.shl.com/solutions/products/product-catalog/view/mobility-new/,9,Knowledge & Skills,Yes,No
Molecular Biology (New),https://www.shl.com/solutions/products/product-catalog/view/molecular-biology-new/,6,Knowledge & Skills,Yes,No
MongoDB (New),https://www.shl.com/solutions/products/product-catalog/view/mongodb-new/,7,Knowledge & Skills,Yes,No
Motivation Questionnaire MQM5,https://www.shl.com/solutions/products/product-catalog/view/motivation-questionnaire-mqm5/,25,Personality & Behavior,Yes,No
MQ Candidate Motivation Report,https://www.shl.com/solutions/products/product-catalog/view/mq-candidate-motivation-report/,N/A,Personality & Behavior,Yes,No
MQ Employee Motivation Report,https://www.shl.com/solutions/products/product-catalog/view/mq-employee-motivation-report/,N/A,Personality & Behavior,Yes,No
MQ Motivation Report Pack,https://www.shl.com/solutions/products/product-catalog/view/mq-motivation-report-pack/,N/A,Personality & Behavior,Yes,No
MQ Profile,https://www.shl.com/solutions/products/product-catalog/view/mq-profile/,N/A,Personality & Behavior,Yes,No
MS Access (New),https://www.shl.com/solutions/products/product-catalog/view/ms-access-new/,7,Knowledge & Skills,Yes,No
MS Excel (New),https://www.shl.com/solutions/products/product-catalog/view/ms-excel-new/,6,Knowledge & Skills,Yes,No
MS Office Basic Computer Literacy (New),https://www.shl.com/solutions/products/product-catalog/view/ms-office-basic-computer-literacy-new/,7,Knowledge & Skills,Yes,No
MS Office Basic Computer Literacy (Sim) (New),https://www.shl.com/solutions/products/product-catalog/view/ms-office-basic-computer-literacy-sim-new/,5,Simulations,Yes,No
MS PowerPoint (New),https://www.shl.com/solutions/products/product-catalog/view/ms-powerpoint-new/,4,Knowledge & Skills,Yes,No
MS Word (New),https://www.shl.com/solutions/products/product-catalog/view/ms-word-new/,4,Knowledge & Skills,Yes,No
MuleSoft Development (New),https://www.shl.com/solutions/products/product-catalog/view/mulesoft-development-new/,17,Knowledge & Skills,Yes,No
Multitasking Ability,https://www.shl.com/solutions/products/product-catalog/view/multitasking-ability/,20,"Ability & Aptitude, Knowledge & Skills, Simulations",Yes,No
Networking and Implementation (New),https://www.shl.com/solutions/products/product-catalog/view/networking-and-implementation-new/,7,Knowledge & Skills,Yes,No
Node.js (New),https://www.shl.com/solutions/products/product-catalog/view/node-js-new/,9,Knowledge & Skills,Yes,No
Nursing (New),https://www.shl.com/solutions/products/product-catalog/view/nursing-new/,11,Knowledge & Skills,Yes,No
Occupational Personality Questionnaire OPQ32r,https://www.shl.com/solutions/products/product-catalog/view/occupational-personality-questionnaire-opq32r/,25,Personality & Behavior,Yes,No
Operations Management (New),https://www.shl.com/solutions/products/product-catalog/view/operations-management-new/,7,Knowledge & Skills,Yes,No
OPQ Candidate Plus Report,https://www.shl.com/solutions/products/product-catalog/view/opq-candidate-plus-report/,N/A,Personality & Behavior,Yes,No
OPQ Candidate Report 2.0,https://www.shl.com/solutions/products/product-catalog/view/opq-candidate-report-2-0/,N/A,Personality & Behavior,Yes,No
OPQ Emotional Intelligence Report,https://www.shl.com/solutions/products/product-catalog/view/opq-emotional-intelligence-report/,N/A,Personality & Behavior,Yes,No
OPQ Leadership Report,https://www.shl.com/solutions/products/product-catalog/view/opq-leadership-report/,N/A,Personality & Behavior,Yes,No
OPQ Manager Plus Report,https://www.shl.com/solutions/products/product-catalog/view/opq-manager-plus-report/,N/A,Personality & Behavior,Yes,No
OPQ Manager Plus Report 2.0,https://www.shl.com/solutions/products/product-catalog/view/opq-manager-plus-report-2-0/,N/A,Personality & Behavior,Yes,No
OPQ Maximising your Learning Report,https://www.shl.com/solutions/products/product-catalog/view/opq-maximising-your-learning-report/,N/A,Personality & Behavior,Yes,No
OPQ MQ Sales Report,https://www.shl.com/solutions/products/product-catalog/view/opq-mq-sales-report/,N/A,Personality & Behavior,Yes,No
OPQ Premium Plus Report,https://www.shl.com/solutions/products/product-catalog/view/opq-premium-plus-report/,N/A,Personality & Behavior,Yes,No
OPQ Premium Plus Report 2.0,https://www.shl.com/solutions/products/product-catalog/view/opq-premium-plus-report-2-0/,N/A,Personality & Behavior,Yes,No
OPQ Profile Report,https://www.shl.com/solutions/products/product-catalog/view/opq-profile-report/,N/A,Personality & Behavior,Yes,No
OPQ Team Impact Group Development Report,https://www.shl.com/solutions/products/product-catalog/view/opq-team-impact-group-development-report/,N/A,Personality & Behavior,Yes,No
OPQ Team Impact Individual Development Report,https://www.shl.com/solutions/products/product-catalog/view/opq-team-impact-individual-development-report/,N/A,Personality & Behavior,Yes,No
OPQ Team Impact Selection Report,https://www.shl.com/solutions/products/product-catalog/view/opq-team-impact-selection-report/,N/A,Personality & Behavior,Yes,No
OPQ Team Types & Leadership Styles Profile,https://www.shl.com/solutions/products/product-catalog/view/opq-team-types-and-leadership-styles-profile/,N/A,Personality & Behavior,Yes,No
OPQ Team Types and Leadership Styles Report,https://www.shl.com/solutions/products/product-catalog/view/opq-team-types-and-leadership-styles-report/,N/A,Personality & Behavior,Yes,No
OPQ UCF Development Action Planner Report 1.0,https://www.shl.com/solutions/products/product-catalog/view/opq-ucf-development-action-planner-report/,N/A,Personality & Behavior,Yes,No
OPQ UCF Development Action Planner Report 2.0,https://www.shl.com/solutions/products/product-catalog/view/opq-ucf-development-action-planner-report-2-0/,N/A,Personality & Behavior,Yes,No
OPQ Universal Competency Report 1.0,https://www.shl.com/solutions/products/product-catalog/view/opq-universal-competency-report/,N/A,Personality & Behavior,Yes,No
OPQ Universal Competency Report 2.0,https://www.shl.com/solutions/products/product-catalog/view/opq-universal-competency-report-2-0/,N/A,Personality & Behavior,Yes,No
OPQ User and Managers Report,https://www.shl.com/solutions/products/product-catalog/view/opq-user-and-managers-report/,N/A,Personality & Behavior,Yes,No
OPQ User Report,https://www.shl.com/solutions/products/product-catalog/view/opq-user-report/,N/A,"Personality & Behavior, Simulations",Yes,No
Oracle DBA (Advanced Level) (New),https://www.shl.com/solutions/products/product-catalog/view/oracle-dba-advanced-level-new/,12,Knowledge & Skills,Yes,No
Oracle DBA (Entry Level) (New),https://www.shl.com/solutions/products/product-catalog/view/oracle-dba-entry-level-new/,12,Knowledge & Skills,Yes,No
Oracle PL/SQL (New),https://www.shl.com/solutions/products/product-catalog/view/oracle-plsql-new/,11,Knowledge & Skills,Yes,No
Oracle WebLogic Server (New),https://www.shl.com/solutions/products/product-catalog/view/oracle-weblogic-server-new/,7,Knowledge & Skills,Yes,No
Organic Chemistry (New),https://www.shl.com/solutions/products/product-catalog/view/organic-chemistry-new/,10,Knowledge & Skills,Yes,No
Paint Technology (New),https://www.shl.com/solutions/products/product-catalog/view/paint-technology-new/,7,Knowledge & Skills,Yes,No
Pediatrics (New),https://www.shl.com/solutions/products/product-catalog/view/pediatrics-new/,5,Knowledge & Skills,Yes,No
Pega Development (New),https://www.shl.com/solutions/products/product-catalog/view/pega-development-new/,17,Knowledge & Skills,Yes,No
Perl (New),https://www.shl.com/solutions/products/product-catalog/view/perl-new/,9,Knowledge & Skills,Yes,No
Petrochemical Engineering (New),https://www.shl.com/solutions/products/product-catalog/view/petrochemical-engineering-new/,7,Knowledge & Skills,Yes,No
Petroleum Engineering (New),https://www.shl.com/solutions/products/product-catalog/view/petroleum-engineering-new/,10,Knowledge & Skills,Yes,No
Pharmaceutical Analysis (New),https://www.shl.com/solutions/products/product-catalog/view/pharmaceutical-analysis-new/,12,Knowledge & Skills,Yes,No
Pharmaceutical Chemistry (New),https://www.shl.com/solutions/products/product-catalog/view/pharmaceutical-chemistry-new/,17,Knowledge & Skills,Yes,No
Pharmaceutical Science (New),https://www.shl.com/solutions/products/product-catalog/view/pharmaceutical-science-new/,7,Knowledge & Skills,Yes,No
Pharmaceutics (New),https://www.shl.com/solutions/products/product-catalog/view/pharmaceutics-new/,12,Knowledge & Skills,Yes,No
Pharmacology (New),https://www.shl.com/solutions/products/product-catalog/view/pharmacology-new/,12,Knowledge & Skills,Yes,No
PHP (New),https://www.shl.com/solutions/products/product-catalog/view/php-new/,8,Knowledge & Skills,Yes,No
PJM Development Report,https://www.shl.com/solutions/products/product-catalog/view/pjm-development-report/,N/A,"Competencies, Ability & Aptitude, Personality & Behavior",Yes,No
PJM Selection Report,https://www.shl.com/solutions/products/product-catalog/view/pjm-selection-report/,N/A,"Ability & Aptitude, Competencies, Personality & Behavior",Yes,No
Polymer Engineering (New),https://www.shl.com/solutions/products/product-catalog/view/polymer-engineering-new/,8,Knowledge & Skills,Yes,No
Power Electronics and Drives (New),https://www.shl.com/solutions/products/product-catalog/view/power-electronics-and-drives-new/,15,Knowledge & Skills,Yes,No
Power System Engineering (New),https://www.shl.com/solutions/products/product-catalog/view/power-system-engineering-new/,12,Knowledge & Skills,Yes,No
Prism (New),https://www.shl.com/solutions/products/product-catalog/view/prism-new/,4,Knowledge & Skills,Yes,No
Production and Industrial Engineering (New),https://www.shl.com/solutions/products/product-catalog/view/production-and-industrial-engineering-new/,13,Knowledge & Skills,Yes,No
Production Engineering (New),https://www.shl.com/solutions/products/product-catalog/view/production-engineering-new/,10,Knowledge & Skills,Yes,No
Programming Concepts,https://www.shl.com/solutions/products/product-catalog/view/programming-concepts/,25,Knowledge & Skills,Yes,No
Project Management (2013),https://www.shl.com/solutions/products/product-catalog/view/project-management-2013/,30,Knowledge & Skills,Yes,No
Proofreading v1,https://www.shl.com/solutions/products/product-catalog/view/proofreading-v1/,6,Knowledge & Skills,Yes,No
Python (New),https://www.shl.com/solutions/products/product-catalog/view/python-new/,11,Knowledge & Skills,Yes,No
R Programming (New),https://www.shl.com/solutions/products/product-catalog/view/r-programming-new/,13,Knowledge & Skills,Yes,No
ReactJS (New),https://www.shl.com/solutions/products/product-catalog/view/reactjs-new/,10,Knowledge & Skills,Yes,No
Reading Comprehension - English v1,https://www.shl.com/solutions/products/product-catalog/view/reading-comprehension-english-v1/,35,Ability & Aptitude,Yes,No
Reading Comprehension - Spanish v1,https://www.shl.com/solutions/products/product-catalog/view/reading-comprehension-spanish-v1/,26,Ability & Aptitude,Yes,No
Reading Comprehension v2,https://www.shl.com/solutions/products/product-catalog/view/reading-comprehension-v2/,35,Ability & Aptitude,Yes,No
RemoteWorkQ,https://www.shl.com/solutions/products/product-catalog/view/remoteworkq/,10,Competencies,Yes,No
RemoteWorkQ Manager Report,https://www.shl.com/solutions/products/product-catalog/view/remoteworkq-manager-report/,N/A,Competencies,Yes,No
RemoteWorkQ Participant Report,https://www.shl.com/solutions/products/product-catalog/view/remoteworkq-participant-report/,N/A,Competencies,Yes,No
RESTful Web Services (New),https://www.shl.com/solutions/products/product-catalog/view/restful-web-services-new/,12,Knowledge & Skills,Yes,No
Retail Sales and Service Simulation,https://www.shl.com/solutions/products/product-catalog/view/retail-sales-and-service-simulation/,30,"Biodata & Situational Judgement, Knowledge & Skills, Simulations, Ability & Aptitude",Yes,No
Reviewing Forms - US (R1),https://www.shl.com/solutions/products/product-catalog/view/reviewing-forms-us-r1/,5,Knowledge & Skills,Yes,No
Ruby (New),https://www.shl.com/solutions/products/product-catalog/view/ruby-new/,11,Knowledge & Skills,Yes,No
Ruby on Rails (New),https://www.shl.com/solutions/products/product-catalog/view/ruby-on-rails-new/,11,Knowledge & Skills,Yes,No
Sales & Service Phone Simulation,https://www.shl.com/solutions/products/product-catalog/view/sales-and-service-phone-simulation/,20,"Simulations, Biodata & Situational Judgement",Yes,No
Sales & Service Phone Solution,https://www.shl.com/solutions/products/product-catalog/view/sales-and-service-phone-solution/,35,"Biodata & Situational Judgement, Personality & Behavior, Simulations",Yes,No
Sales Interview Guide,https://www.shl.com/solutions/products/product-catalog/view/sales-interview-guide/,N/A,"Personality & Behavior, Personality & Behavior",Yes,No
Sales Profiler Cards,https://www.shl.com/solutions/products/product-catalog/view/sales-profiler-cards/,N/A,Personality & Behavior,Yes,No
Sales Transformation 1.0 - Individual Contributor,https://www.shl.com/solutions/products/product-catalog/view/sales-transformation-report-individual-contributor/,N/A,Personality & Behavior,Yes,No
Sales Transformation 2.0 - Individual Contributor,https://www.shl.com/solutions/products/product-catalog/view/salestransformationreport2-0-individualcontributor/,N/A,Personality & Behavior,Yes,No
Social Media (New),https://www.shl.com/solutions/products/product-catalog/view/social-media-new/,10,Knowledge & Skills,Yes,No
Software Business Analysis,https://www.shl.com/solutions/products/product-catalog/view/software-business-analysis/,30,Knowledge & Skills,Yes,No
SonarQube (New),https://www.shl.com/solutions/products/product-catalog/view/sonarqube-new/,N/A,Knowledge & Skills,Yes,No
Spelling (U.S.) (New),https://www.shl.com/solutions/products/product-catalog/view/spelling-u-s-new/,0,Knowledge & Skills,Yes,No
Split Screen Typing Test - Form 1,https://www.shl.com/solutions/products/product-catalog/view/split-screen-typing-test-form-1/,6,"Ability & Aptitude, Knowledge & Skills",Yes,No
Spring (New),https://www.shl.com/solutions/products/product-catalog/view/spring-new/,9,Knowledge & Skills,Yes,No
SQL (New),https://www.shl.com/solutions/products/product-catalog/view/sql-new/,9,Knowledge & Skills,Yes,No
SQL Server (New),https://www.shl.com/solutions/products/product-catalog/view/sql-server-new/,11,Knowledge & Skills,Yes,No
SQL Server Analysis Services (SSAS) (New),https://www.shl.com/solutions/products/product-catalog/view/sql-server-analysis-services-%28ssas%29-%28new%29/,15,Knowledge & Skills,Yes,No
SQL Server Integration Services (SSIS) (New),https://www.shl.com/solutions/products/product-catalog/view/sql-server-integration-services-ssis-new/,10,Knowledge & Skills,Yes,No
SQL Server Reporting Services (SSRS) (New),https://www.shl.com/solutions/products/product-catalog/view/sql-server-reporting-services-ssrs-new/,10,Knowledge & Skills,Yes,No
Statistical Analysis System (New),https://www.shl.com/solutions/products/product-catalog/view/statistical-analysis-system-new/,11,Knowledge & Skills,Yes,No
Struts (New),https://www.shl.com/solutions/products/product-catalog/view/struts-new/,5,Knowledge & Skills,Yes,No
SVAR - Spoken English (AUS),https://www.shl.com/solutions/products/product-catalog/view/svar-spoken-english-aus/,N/A,Simulations,Yes,No
SVAR - Spoken English (Indian Accent)  (New),https://www.shl.com/solutions/products/product-catalog/view/svar-spoken-english-indian-accent-new/,N/A,Simulations,Yes,No
SVAR - Spoken English (U.K.),https://www.shl.com/solutions/products/product-catalog/view/svar-spoken-english-u-k/,N/A,Simulations,Yes,No
SVAR - Spoken English (US)  (New),https://www.shl.com/solutions/products/product-catalog/view/svar-spoken-english-us-new/,N/A,Simulations,Yes,No
SVAR - Spoken French (Canadian) (New),https://www.shl.com/solutions/products/product-catalog/view/svar-spoken-french-canadian-new/,N/A,Simulations,Yes,No
SVAR - Spoken French (European) (New),https://www.shl.com/solutions/products/product-catalog/view/svar-spoken-french-european-new/,N/A,Simulations,Yes,No
SVAR - Spoken Spanish (Castilian) (New),https://www.shl.com/solutions/products/product-catalog/view/svar-spoken-spanish-castilian-new/,N/A,Simulations,Yes,No
SVAR - Spoken Spanish (North American) (New),https://www.shl.com/solutions/products/product-catalog/view/svar-spoken-spanish-north-american-new/,N/A,Simulations,Yes,No
Swing (New),https://www.shl.com/solutions/products/product-catalog/view/swing-new/,4,Knowledge & Skills,Yes,No
Tableau (New),https://www.shl.com/solutions/products/product-catalog/view/tableau-new/,8,Knowledge & Skills,Yes,No
Telecommunications Engineering (New),https://www.shl.com/solutions/products/product-catalog/view/telecommunications-engineering-new/,7,Knowledge & Skills,Yes,No
Teradata Development (New),https://www.shl.com/solutions/products/product-catalog/view/teradata-development-new/,9,Knowledge & Skills,Yes,No
Time Management (U.S.),https://www.shl.com/solutions/products/product-catalog/view/time-management-u-s/,15,Knowledge & Skills,Yes,Yes
Training Development,https://www.shl.com/solutions/products/product-catalog/view/training-development/,15,Knowledge & Skills,Yes,No
Typing (New),https://www.shl.com/solutions/products/product-catalog/view/typing-new/,2,Simulations,Yes,No
UiPath RPA Development (New),https://www.shl.com/solutions/products/product-catalog/view/uipath-rpa-development-new/,8,Knowledge & Skills,Yes,No
Universal Competency Framework Interview Guide,https://www.shl.com/solutions/products/product-catalog/view/universal-competency-framework-interview-guide/,N/A,"Competencies, Personality & Behavior",Yes,No
Universal Competency Framework Job profiling guide,https://www.shl.com/solutions/products/product-catalog/view/universal-competency-framework-job-profiling-guide/,N/A,"Competencies, Personality & Behavior",Yes,No
Universal Competency Framework Profiler Cards (44),https://www.shl.com/solutions/products/product-catalog/view/universal-competency-framework-profiler-cards-44/,N/A,"Competencies, Personality & Behavior",Yes,Yes
UNIX (New),https://www.shl.com/solutions/products/product-catalog/view/unix-new/,9,Knowledge & Skills,Yes,No
VB.NET (New),https://www.shl.com/solutions/products/product-catalog/view/vb-net-new/,10,Knowledge & Skills,Yes,No
Verify - Deductive Reasoning,https://www.shl.com/solutions/products/product-catalog/view/verify-deductive-reasoning/,20,Ability & Aptitude,Yes,No
Verify - Following Instructions,https://www.shl.com/solutions/products/product-catalog/view/verify-following-instructions/,8,Ability & Aptitude,Yes,No
Verify - G+,https://www.shl.com/solutions/products/product-catalog/view/verify-g/,36,Ability & Aptitude,Yes,Yes
Verify - General Ability Screen,https://www.shl.com/solutions/products/product-catalog/view/verify-general-ability-screen/,10,Ability & Aptitude,Yes,No
Verify - Inductive Reasoning (2014),https://www.shl.com/solutions/products/product-catalog/view/verify-inductive-reasoning-2014/,24,Ability & Aptitude,Yes,No
Verify - Numerical Ability,https://www.shl.com/solutions/products/product-catalog/view/verify-numerical-ability/,20,Ability & Aptitude,Yes,Yes
Verify - Technical Checking - Next Generation,https://www.shl.com/solutions/products/product-catalog/view/verify-technical-checking-next-generation/,5,Ability & Aptitude,Yes,No
Verify - Verbal Ability - Next Generation,https://www.shl.com/solutions/products/product-catalog/view/verify-verbal-ability-next-generation/,15,Ability & Aptitude,Yes,Yes
Verify - Working with Information,https://www.shl.com/solutions/products/product-catalog/view/verify-working-with-information/,10,Ability & Aptitude,Yes,No
Verify G+ - Ability Test Report,https://www.shl.com/solutions/products/product-catalog/view/verify-g-ability-test-report/,N/A,Ability & Aptitude,Yes,No
Verify G+ - Candidate Report,https://www.shl.com/solutions/products/product-catalog/view/verify-g-candidate-report/,N/A,Ability & Aptitude,Yes,No
Verify Interactive Ability Report,https://www.shl.com/solutions/products/product-catalog/view/verify-interactive-ability-report/,N/A,Ability & Aptitude,Yes,No
Verify Interactive G+ Candidate Report,https://www.shl.com/solutions/products/product-catalog/view/verify-interactive-g-candidate-report/,N/A,Ability & Aptitude,Yes,No
Verify Interactive G+ Report,https://www.shl.com/solutions/products/product-catalog/view/verify-interactive-g-report/,N/A,Ability & Aptitude,Yes,No
Verify Interactive Process Monitoring,https://www.shl.com/solutions/products/product-catalog/view/verify-interactive-process-monitoring/,18,Ability & Aptitude,Yes,No
Virtual Assessment and Development Centers,https://www.shl.com/solutions/products/product-catalog/view/virtual-assessment-and-development-centers/,N/A,Personality & Behavior,Yes,Yes
Visual Basic for Applications (New),https://www.shl.com/solutions/products/product-catalog/view/visual-basic-for-applications-new/,7,Knowledge & Skills,Yes,No
Visual Comparison - UK,https://www.shl.com/solutions/products/product-catalog/view/visual-comparison-uk/,5,Knowledge & Skills,Yes,No
Visual Comparison - US,https://www.shl.com/solutions/products/product-catalog/view/visual-comparison-us/,5,Knowledge & Skills,Yes,No
VLSI and Embedded Systems (New),https://www.shl.com/solutions/products/product-catalog/view/vlsi-and-embedded-systems-new/,9,Knowledge & Skills,Yes,No
What Is The Value - US,https://www.shl.com/solutions/products/product-catalog/view/what-is-the-value-us/,5,Knowledge & Skills,Yes,No
Workplace Administration Skills (New),https://www.shl.com/solutions/products/product-catalog/view/workplace-administration-skills-new/,12,Knowledge & Skills,Yes,No
Workplace Health and Safety (New),https://www.shl.com/solutions/products/product-catalog/view/workplace-health-and-safety-new/,9,Knowledge & Skills,Yes,No
WriteX - Email Writing (Customer Service) (New),https://www.shl.com/solutions/products/product-catalog/view/writex-email-writing-customer-service-new/,15,Simulations,Yes,No
WriteX - Email Writing (Managerial) (New),https://www.shl.com/solutions/products/product-catalog/view/writex-email-writing-managerial-new/,15,Simulations,Yes,No
WriteX - Email Writing (Sales) (New),https://www.shl.com/solutions/products/product-catalog/view/writex-email-writing-sales-new/,15,"Biodata & Situational Judgement, Simulations",Yes,No
Written English v1,https://www.shl.com/solutions/products/product-catalog/view/written-english-v1/,30,Knowledge & Skills,Yes,No
Written Spanish,https://www.shl.com/solutions/products/product-catalog/view/written-spanish/,22,Knowledge & Skills,Yes,No
Zabbix (New),https://www.shl.com/solutions/products/product-catalog/view/zabbix-new/,9,Knowledge & Skills,Yes,No
360 Digital Report,https://www.shl.com/solutions/products/product-catalog/view/360-digital-report/,N/A,Development & 360,Yes,No
360Â° Multi-Rater Feedback System (MFS),https://www.shl.com/solutions/products/product-catalog/view/360-multi-rater-feedback-system-mfs/,N/A,"Development & 360, Personality & Behavior",Yes,No
Claims/Operations Supervisor Solution,https://www.shl.com/solutions/products/product-catalog/view/claimsoperations-supervisor-solution/,48,"Personality & Behavior, Simulations, Ability & Aptitude, Biodata & Situational Judgement",Yes,No
Contact Center Customer Service + 8.0,https://www.shl.com/solutions/products/product-catalog/view/contact-center-customer-service-8-0/,41,"Ability & Aptitude, Biodata & Situational Judgement, Competencies, Personality & Behavior, Simulations",Yes,No
Contact Center Customer Service 8.0,https://www.shl.com/solutions/products/product-catalog/view/contact-center-customer-service-8-0-4269/,31,"Simulations, Biodata & Situational Judgement, Competencies, Personality & Behavior",Yes,No
Contact Center Manager - Short Form,https://www.shl.com/solutions/products/product-catalog/view/contact-center-manager-short-form/,50,"Ability & Aptitude, Biodata & Situational Judgement, Personality & Behavior, Simulations",Yes,No
Contact Center Sales & Service + 8.0,https://www.shl.com/solutions/products/product-catalog/view/contact-center-sales-and-service-8-0/,41,"Personality & Behavior, Biodata & Situational Judgement, Competencies, Ability & Aptitude, Simulations",Yes,No
Contact Center Sales & Service 8.0,https://www.shl.com/solutions/products/product-catalog/view/contact-center-sales-and-service-8-0-4268/,31,"Simulations, Biodata & Situational Judgement, Competencies, Personality & Behavior",Yes,No
Contact Center Team Lead/Coach - Short Form,https://www.shl.com/solutions/products/product-catalog/view/contact-center-team-leadcoach-short-form/,45,"Ability & Aptitude, Biodata & Situational Judgement, Personality & Behavior, Simulations",Yes,No
Contact Centre Agent Solution - UK,https://www.shl.com/solutions/products/product-catalog/view/contact-centre-agent-solution-uk/,39,"Ability & Aptitude, Biodata & Situational Judgement, Personality & Behavior, Simulations",Yes,No
Customer Service - Short Form,https://www.shl.com/solutions/products/product-catalog/view/customer-service-short-form/,42,"Ability & Aptitude, Biodata & Situational Judgement, Personality & Behavior",Yes,No
Customer Service - Short Form - UK,https://www.shl.com/solutions/products/product-catalog/view/customer-service-short-form-uk/,42,"Ability & Aptitude, Biodata & Situational Judgement, Personality & Behavior",Yes,No
Customer Service with Sales - Short Form,https://www.shl.com/solutions/products/product-catalog/view/customer-service-with-sales-short-form/,44,"Ability & Aptitude, Biodata & Situational Judgement, Personality & Behavior",Yes,No
Director - Short Form,https://www.shl.com/solutions/products/product-catalog/view/director-short-form/,69,"Ability & Aptitude, Biodata & Situational Judgement, Personality & Behavior",Yes,No
District/Regional Manager Solution,https://www.shl.com/solutions/products/product-catalog/view/districtregional-manager-solution/,65,"Ability & Aptitude, Biodata & Situational Judgement, Personality & Behavior",Yes,No
Entry Level Cashier 7.1 (Americas),https://www.shl.com/solutions/products/product-catalog/view/entry-level-cashier-7-1-%28americas%29/,18,"Biodata & Situational Judgement, Personality & Behavior, Ability & Aptitude",Yes,No
Entry Level Cashier 7.1 (International),https://www.shl.com/solutions/products/product-catalog/view/entry-level-cashier-7-1-%28international%29/,18,"Ability & Aptitude, Biodata & Situational Judgement, Personality & Behavior",Yes,No
Entry Level Customer Service 7.1 (Americas),https://www.shl.com/solutions/products/product-catalog/view/entry-level-customer-service-7-1-%28americas%29/,19,"Competencies, Personality & Behavior",Yes,No
Entry Level Customer Service 7.1 (International),https://www.shl.com/solutions/products/product-catalog/view/entry-level-customer-service-%28retail-and-cc%29-7-1/,19,"Competencies, Personality & Behavior",Yes,No
Entry Level Customer Service 7.1 (South Africa),https://www.shl.com/solutions/products/product-catalog/view/entry-level-customer-service-7-1-%28south-africa%29/,19,"Competencies, Personality & Behavior",Yes,No
Entry level Sales 7.1 (Americas),https://www.shl.com/solutions/products/product-catalog/view/entry-level-sales-7-1-%28americas%29/,20,"Biodata & Situational Judgement, Competencies, Personality & Behavior",Yes,No
Entry level Sales 7.1 (International),https://www.shl.com/solutions/products/product-catalog/view/entry-level-sales-7-1/,20,"Personality & Behavior, Biodata & Situational Judgement, Competencies",Yes,No
Entry Level Sales Sift Out 7.1,https://www.shl.com/solutions/products/product-catalog/view/entry-level-sales-sift-out-7-1/,20,"Competencies, Personality & Behavior, Biodata & Situational Judgement",Yes,No
Event Sales Manager Solution,https://www.shl.com/solutions/products/product-catalog/view/event-sales-manager-solution/,50,"Simulations, Ability & Aptitude, Biodata & Situational Judgement, Personality & Behavior",Yes,No
Executive - Short Form,https://www.shl.com/solutions/products/product-catalog/view/executive-short-form/,74,"Ability & Aptitude, Biodata & Situational Judgement, Personality & Behavior",Yes,No
Financial Professional - Short Form,https://www.shl.com/solutions/products/product-catalog/view/financial-professional-short-form/,35,"Ability & Aptitude, Biodata & Situational Judgement, Personality & Behavior",Yes,No
Guest Services Associate Solution,https://www.shl.com/solutions/products/product-catalog/view/guest-services-associate-solution/,48,"Ability & Aptitude, Biodata & Situational Judgement, Personality & Behavior, Simulations",Yes,No
Healthcare Aide 7.0 Solution,https://www.shl.com/solutions/products/product-catalog/view/healthcare-aide-7-0-solution/,22,Biodata & Situational Judgement,Yes,No
Healthcare Call Center Agent Solution,https://www.shl.com/solutions/products/product-catalog/view/healthcare-call-center-agent-solution/,44,"Ability & Aptitude, Biodata & Situational Judgement, Personality & Behavior, Simulations",Yes,No
Healthcare Service Associate Solution,https://www.shl.com/solutions/products/product-catalog/view/healthcare-service-associate-solution/,37,"Ability & Aptitude, Biodata & Situational Judgement, Personality & Behavior",Yes,No
Healthcare Support Specialist Solution,https://www.shl.com/solutions/products/product-catalog/view/healthcare-support-specialist-solution/,30,"Ability & Aptitude, Biodata & Situational Judgement, Personality & Behavior",Yes,No
Home Health Aide Solution,https://www.shl.com/solutions/products/product-catalog/view/home-health-aide-solution/,41,"Ability & Aptitude, Biodata & Situational Judgement, Personality & Behavior",Yes,No
Hospitality Manager Solution,https://www.shl.com/solutions/products/product-catalog/view/hospitality-manager-solution/,57,"Ability & Aptitude, Biodata & Situational Judgement, Knowledge & Skills, Personality & Behavior",Yes,No
Host Solution,https://www.shl.com/solutions/products/product-catalog/view/host-solution/,30,"Biodata & Situational Judgement, Personality & Behavior",Yes,No
Industrial - Entry Level 7.0 Solution,https://www.shl.com/solutions/products/product-catalog/view/industrial-entry-level-7-0-solution/,20,Biodata & Situational Judgement,Yes,No
Industrial - Entry Level 7.1 (Americas),https://www.shl.com/solutions/products/product-catalog/view/industrial-entry-level-7-1-%28americas%29/,20,Biodata & Situational Judgement,Yes,No
Industrial - Entry Level 7.1 (International),https://www.shl.com/solutions/products/product-catalog/view/industrial-entry-level-7-1-%28international%29/,20,Biodata & Situational Judgement,Yes,No
Industrial - Professional and Skilled 7.0 Solution,https://www.shl.com/solutions/products/product-catalog/view/industrial-professional-and-skilled-7-0-solution/,49,"Ability & Aptitude, Biodata & Situational Judgement",Yes,No
Industrial - Semi-skilled 7.1 (Americas),https://www.shl.com/solutions/products/product-catalog/view/industrial-semi-skilled-7-1-%28americas%29/,24,Biodata & Situational Judgement,Yes,No
Industrial - Semi-skilled 7.1 (International),https://www.shl.com/solutions/products/product-catalog/view/industrial-semi-skilled-7-1-%28international%29/,24,Biodata & Situational Judgement,Yes,No
Industrial Professional and Skilled 7.1 (Americas),https://www.shl.com/solutions/products/product-catalog/view/industrial-professional-and-skilled-7-1-%28americas%29/,49,"Ability & Aptitude, Biodata & Situational Judgement",Yes,No
Industrial Professional and Skilled 7.1 Solution,https://www.shl.com/solutions/products/product-catalog/view/industrial-professional-and-skilled-7-1-solution/,49,"Ability & Aptitude, Biodata & Situational Judgement",Yes,No
Installation and Repair Technician Solution,https://www.shl.com/solutions/products/product-catalog/view/installation-and-repair-technician-solution/,49,"Ability & Aptitude, Biodata & Situational Judgement, Personality & Behavior, Simulations",Yes,No
Insurance Account Manager Solution,https://www.shl.com/solutions/products/product-catalog/view/insurance-account-manager-solution/,48,"Ability & Aptitude, Biodata & Situational Judgement, Personality & Behavior, Simulations",Yes,No
Insurance Administrative Assistant Solution,https://www.shl.com/solutions/products/product-catalog/view/insurance-administrative-assistant-solution/,24,"Ability & Aptitude, Biodata & Situational Judgement, Personality & Behavior, Simulations",Yes,No
Insurance Agent Solution,https://www.shl.com/solutions/products/product-catalog/view/insurance-agent-solution/,46,"Ability & Aptitude, Biodata & Situational Judgement, Personality & Behavior",Yes,No
Insurance Director Solution,https://www.shl.com/solutions/products/product-catalog/view/insurance-director-solution/,49,"Ability & Aptitude, Biodata & Situational Judgement, Personality & Behavior",Yes,No
Insurance Sales Manager Solution,https://www.shl.com/solutions/products/product-catalog/view/insurance-sales-manager-solution/,51,"Ability & Aptitude, Biodata & Situational Judgement, Personality & Behavior, Simulations",Yes,No
Manager - Short Form,https://www.shl.com/solutions/products/product-catalog/view/manager-short-form/,57,"Ability & Aptitude, Biodata & Situational Judgement, Knowledge & Skills, Personality & Behavior, Simulations",Yes,No
Manager + 7.0 Solution,https://www.shl.com/solutions/products/product-catalog/view/manager-7-0-solution-3955/,53,"Ability & Aptitude, Biodata & Situational Judgement, Competencies",Yes,No
Manager + 7.1 (Americas),https://www.shl.com/solutions/products/product-catalog/view/manager-7-1-solution-4242/,63,"Biodata & Situational Judgement, Competencies, Personality & Behavior",Yes,No
Manager + 7.1 (International),https://www.shl.com/solutions/products/product-catalog/view/manager-7-1-%28international%29/,N/A,N/A,No,No
Manager 7.0 Solution,https://www.shl.com/solutions/products/product-catalog/view/manager-7-0-solution/,35,"Biodata & Situational Judgement, Competencies",Yes,No
Manager 7.1 (Americas),https://www.shl.com/solutions/products/product-catalog/view/manager-7-1-%28americas%29/,40,"Biodata & Situational Judgement, Competencies, Personality & Behavior",Yes,No
Manager 7.1 (International),https://www.shl.com/solutions/products/product-catalog/view/manager-7-1-solution/,40,"Biodata & Situational Judgement, Competencies, Personality & Behavior",Yes,No
Manager 8.0 JFA,https://www.shl.com/solutions/products/product-catalog/view/manager-8-0-jfa/,26,"Biodata & Situational Judgement, Knowledge & Skills, Personality & Behavior",Yes,No
Manager 8.0+ JFA,https://www.shl.com/solutions/products/product-catalog/view/manager-8-0-jfa-4310/,44,"Biodata & Situational Judgement, Knowledge & Skills, Personality & Behavior",Yes,No
Manufacturing Production Team Member,https://www.shl.com/solutions/products/product-catalog/view/manufacturing-production-team-member/,35,"Ability & Aptitude, Biodata & Situational Judgement",Yes,No
Manufacturing Skilled Maintenance Worker,https://www.shl.com/solutions/products/product-catalog/view/manufacturing-skilled-maintenance-worker/,45,"Ability & Aptitude, Biodata & Situational Judgement",Yes,No
Network Engineer/Analyst Solution,https://www.shl.com/solutions/products/product-catalog/view/network-engineeranalyst-solution/,41,"Personality & Behavior, Simulations, Knowledge & Skills, Biodata & Situational Judgement, Ability & Aptitude",Yes,No
Nurse Leader Solution,https://www.shl.com/solutions/products/product-catalog/view/nurse-leader-solution/,59,"Simulations, Ability & Aptitude, Biodata & Situational Judgement, Personality & Behavior",Yes,No
Nurse Solution,https://www.shl.com/solutions/products/product-catalog/view/nurse-solution/,66,"Personality & Behavior, Ability & Aptitude, Biodata & Situational Judgement",Yes,No
Nursing Assistant Solution,https://www.shl.com/solutions/products/product-catalog/view/nursing-assistant-solution/,41,"Ability & Aptitude, Biodata & Situational Judgement, Personality & Behavior",Yes,No
Personal Banker - Short Form,https://www.shl.com/solutions/products/product-catalog/view/personal-banker-short-form/,30,"Ability & Aptitude, Biodata & Situational Judgement, Knowledge & Skills, Personality & Behavior, Simulations",Yes,No
Phone Banker - Short Form,https://www.shl.com/solutions/products/product-catalog/view/phone-banker-short-form/,40,"Ability & Aptitude, Biodata & Situational Judgement, Personality & Behavior",Yes,No
Prep/Line Cook Solution,https://www.shl.com/solutions/products/product-catalog/view/prepline-cook-solution/,24,"Ability & Aptitude, Biodata & Situational Judgement, Personality & Behavior",Yes,No
Professional + 7.0 Solution,https://www.shl.com/solutions/products/product-catalog/view/professional-7-0-solution-3958/,51,"Ability & Aptitude, Biodata & Situational Judgement, Competencies",Yes,No
Professional + 7.1 (Americas),https://www.shl.com/solutions/products/product-catalog/view/professional-7-1-%28americas%29/,56,"Biodata & Situational Judgement, Competencies, Personality & Behavior",Yes,No
Professional + 7.1 (International),https://www.shl.com/solutions/products/product-catalog/view/professional-7-1-solution/,56,"Biodata & Situational Judgement, Competencies, Personality & Behavior",Yes,No
Professional 7.0 Solution,https://www.shl.com/solutions/products/product-catalog/view/professional-7-0-solution/,33,"Biodata & Situational Judgement, Competencies",Yes,No
Professional 7.1 (International),https://www.shl.com/solutions/products/product-catalog/view/professional-7-1-solution-4247/,33,"Competencies, Biodata & Situational Judgement",Yes,No
Professional 8.0 JFA,https://www.shl.com/solutions/products/product-catalog/view/professional-8-0-jfa/,16,"Biodata & Situational Judgement, Knowledge & Skills, Personality & Behavior",Yes,No
Professional/Individual Contributor - Short Form,https://www.shl.com/solutions/products/product-catalog/view/professionalindividual-contributor-short-form/,44,"Ability & Aptitude, Biodata & Situational Judgement, Personality & Behavior, Simulations",Yes,No
Project Manager - Short Form,https://www.shl.com/solutions/products/product-catalog/view/project-manager-short-form/,49,"Ability & Aptitude, Biodata & Situational Judgement, Personality & Behavior, Simulations",Yes,No
Proof Operator - Processing Specialist -Short Form,https://www.shl.com/solutions/products/product-catalog/view/proof-operator-processing-specialist-short-form/,30,Simulations,Yes,No
Reservation Agent Solution,https://www.shl.com/solutions/products/product-catalog/view/reservation-agent-solution/,43,"Ability & Aptitude, Personality & Behavior, Simulations, Biodata & Situational Judgement",Yes,No
Restaurant Manager Solution,https://www.shl.com/solutions/products/product-catalog/view/restaurant-manager-solution/,48,"Ability & Aptitude, Biodata & Situational Judgement, Personality & Behavior, Simulations",Yes,No
Restaurant Supervisor Solution,https://www.shl.com/solutions/products/product-catalog/view/restaurant-supervisor-solution/,53,"Ability & Aptitude, Biodata & Situational Judgement, Personality & Behavior",Yes,No
Retail Consultant Solution,https://www.shl.com/solutions/products/product-catalog/view/retail-consultant-solution/,45,"Ability & Aptitude, Biodata & Situational Judgement, Personality & Behavior",Yes,No
Retail Manager w/ Sales Solution,https://www.shl.com/solutions/products/product-catalog/view/retail-manager-w-sales-solution/,43,"Ability & Aptitude, Biodata & Situational Judgement, Personality & Behavior",Yes,No
Retail Sales Associate Solution,https://www.shl.com/solutions/products/product-catalog/view/retail-sales-associate-solution/,29,"Ability & Aptitude, Biodata & Situational Judgement, Personality & Behavior",Yes,No
Sales Director Solution,https://www.shl.com/solutions/products/product-catalog/view/sales-director-solution/,59,"Ability & Aptitude, Biodata & Situational Judgement, Personality & Behavior",Yes,No
Sales Engineer Solution,https://www.shl.com/solutions/products/product-catalog/view/sales-engineer-solution/,61,"Ability & Aptitude, Biodata & Situational Judgement, Knowledge & Skills, Personality & Behavior, Simulations",Yes,No
Sales Manager Solution,https://www.shl.com/solutions/products/product-catalog/view/sales-manager-solution/,63,"Ability & Aptitude, Biodata & Situational Judgement, Personality & Behavior",Yes,No
Sales Professional 7.0 Solution,https://www.shl.com/solutions/products/product-catalog/view/sales-professional-7-0-solution/,21,"Competencies, Biodata & Situational Judgement",Yes,No
Sales Professional 7.1 (Americas),https://www.shl.com/solutions/products/product-catalog/view/sales-professional-7-1-%28americas%29/,21,"Biodata & Situational Judgement, Competencies",Yes,No
Sales Professional Solution,https://www.shl.com/solutions/products/product-catalog/view/sales-professional-solution/,47,"Ability & Aptitude, Biodata & Situational Judgement, Personality & Behavior",Yes,No
Sales Representative Solution,https://www.shl.com/solutions/products/product-catalog/view/sales-representative-solution/,29,"Ability & Aptitude, Biodata & Situational Judgement, Personality & Behavior",Yes,No
Sales Supervisor Solution,https://www.shl.com/solutions/products/product-catalog/view/sales-supervisor-solution/,38,"Ability & Aptitude, Biodata & Situational Judgement, Personality & Behavior",Yes,No
Sales Support Specialist Solution,https://www.shl.com/solutions/products/product-catalog/view/sales-support-specialist-solution/,43,"Ability & Aptitude, Biodata & Situational Judgement, Personality & Behavior",Yes,No
Senior Insurance Agent Solution,https://www.shl.com/solutions/products/product-catalog/view/senior-insurance-agent-solution/,44,"Ability & Aptitude, Biodata & Situational Judgement, Personality & Behavior",Yes,No
Senior Sales Professional Solution,https://www.shl.com/solutions/products/product-catalog/view/senior-sales-professional-solution/,42,"Ability & Aptitude, Biodata & Situational Judgement, Personality & Behavior",Yes,No
Server Solution,https://www.shl.com/solutions/products/product-catalog/view/server-solution/,40,"Biodata & Situational Judgement, Ability & Aptitude, Personality & Behavior",Yes,No
Service Associate Solution,https://www.shl.com/solutions/products/product-catalog/view/service-associate-solution/,38,"Ability & Aptitude, Biodata & Situational Judgement, Personality & Behavior",Yes,No
Service Supervisor Solution,https://www.shl.com/solutions/products/product-catalog/view/service-supervisor-solution/,48,"Ability & Aptitude, Biodata & Situational Judgement, Personality & Behavior",Yes,No
Stock Clerk Solution,https://www.shl.com/solutions/products/product-catalog/view/stock-clerk-solution/,25,"Ability & Aptitude, Biodata & Situational Judgement, Personality & Behavior",Yes,No
Store Manager 7.0 Solution,https://www.shl.com/solutions/products/product-catalog/view/store-manager-7-0-solution/,34,"Biodata & Situational Judgement, Competencies",Yes,No
Store Manager 7.1 (Americas),https://www.shl.com/solutions/products/product-catalog/view/store-manager-7-1-%28americas%29/,34,"Biodata & Situational Judgement, Competencies",Yes,No
Store Manager 7.1 (International),https://www.shl.com/solutions/products/product-catalog/view/store-manager-7-1-%28international%29/,34,"Competencies, Biodata & Situational Judgement",Yes,No
Store Manager Solution,https://www.shl.com/solutions/products/product-catalog/view/store-manager-solution/,49,"Ability & Aptitude, Biodata & Situational Judgement, Personality & Behavior",Yes,No
Supervisor - Short Form,https://www.shl.com/solutions/products/product-catalog/view/supervisor-short-form/,57,Simulations,Yes,No
Supervisor 7.0 Solution,https://www.shl.com/solutions/products/product-catalog/view/supervisor-7-0-solution/,32,"Biodata & Situational Judgement, Competencies",Yes,No
Supervisor 7.1 (Americas),https://www.shl.com/solutions/products/product-catalog/view/supervisor-7-1-%28americas%29/,29,"Biodata & Situational Judgement, Competencies, Personality & Behavior",Yes,No
Supervisor 7.1 (International),https://www.shl.com/solutions/products/product-catalog/view/supervisor-7-1-%28international%29/,29,"Personality & Behavior, Competencies, Biodata & Situational Judgement",Yes,No
Support Associate Solution,https://www.shl.com/solutions/products/product-catalog/view/support-associate-solution/,38,"Ability & Aptitude, Biodata & Situational Judgement, Personality & Behavior",Yes,No
Support Supervisor Solution,https://www.shl.com/solutions/products/product-catalog/view/support-supervisor-solution/,39,"Ability & Aptitude, Personality & Behavior, Simulations, Biodata & Situational Judgement",Yes,No
Technical Sales Associate Solution,https://www.shl.com/solutions/products/product-catalog/view/technical-sales-associate-solution/,41,"Ability & Aptitude, Biodata & Situational Judgement, Personality & Behavior",Yes,No
Technician/Technologist Solution,https://www.shl.com/solutions/products/product-catalog/view/techniciantechnologist-solution/,52,"Ability & Aptitude, Biodata & Situational Judgement, Personality & Behavior",Yes,No
Technology Professional 8.0 Job Focused Assessment,https://www.shl.com/solutions/products/product-catalog/view/technology-professional-8-0-job-focused-assessment/,16,"Competencies, Personality & Behavior",Yes,No
Telenurse Solution,https://www.shl.com/solutions/products/product-catalog/view/telenurse-solution/,68,"Ability & Aptitude, Biodata & Situational Judgement, Personality & Behavior",Yes,No
Teller 7.0,https://www.shl.com/solutions/products/product-catalog/view/teller-7-0/,35,"Biodata & Situational Judgement, Knowledge & Skills, Personality & Behavior, Simulations",Yes,No
Teller with Sales - Short Form,https://www.shl.com/solutions/products/product-catalog/view/teller-with-sales-short-form/,35,"Ability & Aptitude, Biodata & Situational Judgement, Knowledge & Skills, Personality & Behavior, Simulations",Yes,No
Transcriptionist Solution,https://www.shl.com/solutions/products/product-catalog/view/transcriptionist-solution/,33,"Ability & Aptitude, Biodata & Situational Judgement, Knowledge & Skills, Personality & Behavior",Yes,No
Workplace Safety - Individual 7.0 Solution,https://www.shl.com/solutions/products/product-catalog/view/workplace-safety-individual-7-0-solution/,16,Biodata & Situational Judgement,Yes,No
Workplace Safety - Individual 7.1 (Americas),https://www.shl.com/solutions/products/product-catalog/view/workplace-safety-individual-7-1-solution/,16,Biodata & Situational Judgement,Yes,No
Workplace Safety - Team 7.0 Solution,https://www.shl.com/solutions/products/product-catalog/view/workplace-safety-team-7-0-solution/,20,Biodata & Situational Judgement,Yes,No
Workplace Safety - Team 7.1 (Americas),https://www.shl.com/solutions/products/product-catalog/view/workplace-safety-team-7-1-%28americas%29/,20,"Biodata & Situational Judgement, Competencies, Personality & Behavior",Yes,No
Workplace Safety - Team 7.1 (International),https://www.shl.com/solutions/products/product-catalog/view/workplace-safety-team-7-1-solution/,20,"Biodata & Situational Judgement, Competencies, Personality & Behavior",Yes,No
Workplace Safety Solution,https://www.shl.com/solutions/products/product-catalog/view/workplace-safety-solution/,21,"Biodata & Situational Judgement, Personality & Behavior",Yes,No
